,prompt_name,accuracy,precision,recall,f1_score,avg_time,all_tokens,p_tokens,c_tokens,errors_count
0,Baseline Direct,0.92,1.0,0.8709677419354839,0.9310344827586207,0.9671052455902099,17071,16860,211,0
1,CoT Reasoning,1.0,1.0,1.0,1.0,8.895375084877013,36440,18461,17979,41
2,Expert Linguist,0.94,1.0,0.9032258064516129,0.9491525423728814,0.7596149206161499,19060,19010,50,0
3,Sarcasm Aware,0.78,1.0,0.6451612903225806,0.7843137254901961,0.8359917974472046,19060,19010,50,0
4,Rating Prediction,0.9,1.0,0.8387096774193549,0.9122807017543859,0.7561474895477295,18110,18060,50,0
