Model,NaN_Count,Total_Support,Accuracy,Support_Cleaned,Total Correct Predictions,Macro Precision,Macro Recall,Macro F1,Weighted Precision,Weighted Recall,Weighted F1,Correct_0,Correct_1
claude-3-5-haiku,0,1440,0.9256944444444445,1440.0,1333,0.9264604153623793,0.9256944444444444,0.9260073822251309,0.9264604153623793,0.9256944444444445,0.9260073822251308,673,660
gemini-2.0-flash,0,1440,0.9354166666666667,1440.0,1347,0.9361836969711022,0.9354166666666667,0.9357402506143739,0.9361836969711022,0.9354166666666667,0.9357402506143739,679,668
gpt-4o-mini,0,1440,0.9111111111111111,1440.0,1312,0.9262896932373227,0.9111111111111112,0.9167961776391105,0.9262896932373227,0.9111111111111111,0.9167961776391104,691,621
vader,0,1440,0.68125,1440.0,981,0.6997283388494576,0.68125,0.6737029648422054,0.6997283388494577,0.68125,0.6737029648422054,381,600
