Model,NaN_Count,Total_Support,Accuracy,Support_Cleaned,Total Correct Predictions,Macro Precision,Macro Recall,Macro F1,Weighted Precision,Weighted Recall,Weighted F1,Correct_contradiction,Correct_entailment,Correct_neutral,Total_Cost,Cost_Penalty,NaN_Penalty,Final_Score
gpt-4o-mini,0,50,0.82,50.0,41,0.8555555555555555,0.8176937441643325,0.8211781626415773,0.8626666666666667,0.82,0.8249727332654163,16,9,16,0.0016067999999999998,0.011966397569185855,0.0,0.8130063356962305
gpt-4o,0,50,0.78,50.0,39,0.8224747474747475,0.7941176470588235,0.7930167707474176,0.8226818181818182,0.78,0.7841428066454577,14,10,15,0.02678,0.19943995948643092,0.0,0.5847028471590268
gemini-2.0-flash,0,50,0.62,50.0,31,0.7555555555555555,0.6872082166199812,0.6230829847851124,0.7706666666666666,0.62,0.5774249863611566,5,12,14,0.0010773,0.008023027197712173,0.0,0.5694019591634444
claude-3-5-haiku,7,50,0.5813953488372093,43.0,25,0.714975845410628,0.5966386554621849,0.5333333333333333,0.7007077856420627,0.5813953488372093,0.522093023255814,2,12,11,0.026855200000000003,0.2,0.14,0.18209302325581395
